{
    "application": {
        "id": "",
        "title": "customercockpit",
        "description": "Cockpit App",
        "type": "SAP_UI5_Component",
        "componentUrl": "/webapp",
        "appUrl": "#customercockpit-Display",
        "navigationComponentName": "com.csr.customercockpit",
        "intentSemanticObject": "customercockpit",
        "intentAction": "Display",
        "html5ApplicationName": "customercockpit",
        "HCPParentApplicationName": ""
    },
    "assignment": {
        "groups": [
            "4e56c95a-8413-4c91-a962-8426e091b19a"
        ],
        "contentPackages": [
            "6d63821f-4f53-4553-9633-7d11bbf7865b-1483599520814"
        ],
        "categories": []
    },
    "tile": {
        "type": "StaticTile",
        "title": "Customer Cockpit",
        "subtitle": "",
        "searchKeywords": "Customer Cockpit,",
        "displayIconUrl": "sap-icon://customer-view",
        "displayInfoText": "",
        "size": "1x1",
        "serviceURL": "",
        "refreshInterval": ""
    }
}