{"webapp/controller/ListSelector.js":1525844749000,"webapp/model/models.js":1525844749000,"webapp/controller/Detail.controller.js":1525844749000,"webapp/view/fragment/DocumentFlowDeliveryDialog.fragment.xml":1525844749000,"webapp/util/OrderServiceUtil.js":1526979579000,"webapp/controller/DocumentFlow.controller.js":1525844749000,"webapp/view/Payment.view.xml":1525844749000,"webapp/Component.js":1525845135000,"webapp/controller/OrderDetails.controller.js":1525844749000,"webapp/view/DetailNoObjectsAvailable.view.xml":1525844749000,".project.json":1527244874000,"webapp/model/GroupSortState.js":1525844749000,"webapp/i18n/i18n.properties":1525844749000,"webapp/index.html":1525844749000,"webapp/view/ChangeOrder.view.xml":1525844749000,"webapp/view/DocumentFlow.view.xml":1525844749000,"webapp/model/grouper.js":1525844749000,"webapp/view/fragment/DocumentFlowDialog.fragment.xml":1525844749000,"webapp/model/formatter.js":1525844749000,"webapp/view/fragment/DocumentListDialog.fragment.xml":1525844749000,".user.project.json":1527245743000,"webapp/manifest.json":1525844749000,"webapp/controller/Payment.controller.js":1527245635000,"webapp/controller/ChangeOrder.controller.js":1525844749000,"webapp/controller/OrderReturn.controller.js":1525844749000,".gitignore":1525844750000,"flp-config.json":1525844749000,"webapp/view/App.view.xml":1525844749000,"webapp/view/OrderDetails.view.xml":1525844750000,"webapp/controller/ErrorHandler.js":1525844750000,"webapp/view/Detail.view.xml":1525844750000,"webapp/view/DetailObjectNotFound.view.xml":1525844750000,"webapp/controller/App.controller.js":1525844750000,"neo-app.json":1525844750000,"webapp/customcontrols/CardNumberInput.js":1525844750000,"webapp/view/fragment/MaterialValueHelp.fragment.xml":1525844750000,"webapp/view/NotFound.view.xml":1525844750000,"webapp/controller/Master.controller.js":1525844750000,"webapp/view/Master.view.xml":1525844750000,"webapp/css/style.css":1525844750000,"webapp/view/OrderReturn.view.xml":1525844750000,"webapp/controller/BaseController.js":1525844750000}