{
    "resources": [
        {
            "name": "manifest.json"
        },
        {
            "name": "util/OrderServiceUtil.js"
        },
        {
            "name": "controller/App.controller.js"
        },
        {
            "name": "controller/Catalogue.controller.js"
        },
        {
            "name": "controller/Home.controller.js"
        },
        {
            "name": "controller/OrderShipment.controller.js"
        },
        {
            "name": "controller/Payment.controller.js"
        },
        {
            "name": "controller/BaseController.js"
        },
        {
            "name": "controller/Cart.controller.js"
        },
        {
            "name": "controller/OrderScheduleLines.controller.js"
        },
        {
            "name": "images/csrCompanyLogo.png"
        },
        {
            "name": "customcontrols/CardNumberInput.js"
        },
        {
            "name": "css/style.css"
        },
        {
            "name": "view/Cart.view.xml"
        },
        {
            "name": "view/App.view.xml"
        },
        {
            "name": "view/OrderShipment.view.xml"
        },
        {
            "name": "view/Payment.view.xml"
        },
        {
            "name": "view/fragment/Delivery.fragment.xml"
        },
        {
            "name": "view/fragment/AddProductToCart.fragment.xml"
        },
        {
            "name": "view/fragment/MaterialValueHelp.fragment.xml"
        },
        {
            "name": "view/fragment/Customer.fragment.xml"
        },
        {
            "name": "view/fragment/Subrub.fragment.xml"
        },
        {
            "name": "view/OrderScheduleLines.view.xml"
        },
        {
            "name": "view/Catalogue.view.xml"
        },
        {
            "name": "view/Home.view.xml"
        },
        {
            "name": "index.html"
        },
        {
            "name": "i18n/i18n.properties",
            "raw": "i18n/i18n.properties"
        },
        {
            "name": "model/models.js"
        },
        {
            "name": "model/formatter.js"
        },
        {
            "name": "Component.js"
        },
        {
            "name": "Component-preload.js",
            "merged": true
        },
        {
            "name": "neo-app.json"
        }
    ]
}