{"view/fragment/Subrub.fragment.xml":1542706020000,"view/Catalogue.view.xml":1542706020000,"controller/Cart.controller.js":1542706020000,"view/OrderShipment.view.xml":1542706020000,"customcontrols/CardNumberInput.js":1542706020000,"view/App.view.xml":1542706020000,"controller/BaseController.js":1542706020000,"Component-preload.js":1544434061000,"resources.json":1544434063000,"model/models.js":1542706019000,"controller/OrderScheduleLines.controller.js":1542706020000,"view/fragment/Delivery.fragment.xml":1542706020000,"i18n/i18n.properties":1542706020000,"controller/OrderShipment.controller.js":1542706020000,"view/fragment/MaterialValueHelp.fragment.xml":1542706020000,"view/OrderScheduleLines.view.xml":1542706019000,"view/fragment/Customer.fragment.xml":1542706020000,"view/Payment.view.xml":1542706020000,"controller/App.controller.js":1542706020000,"model/formatter.js":1544430017000,"css/style.css":1542706020000,"images/csrCompanyLogo.png":1542706020000,"controller/Catalogue.controller.js":1542706020000,"index.html":1542706020000,"neo-app.json":1544434062000,"controller/Home.controller.js":1542706019000,"controller/Payment.controller.js":1542706020000,"util/OrderServiceUtil.js":1542706019000,"view/Cart.view.xml":1542706019000,"view/Home.view.xml":1542706020000,"manifest.json":1544434064000,"view/fragment/AddProductToCart.fragment.xml":1542706020000,"Component.js":1542706020000}